id,name
1,Michelle Menting
2,Lucia Cherciu
3,Ted Kooser
4,Grace Cavalieri
5,Connie Wanek
6,January Gill O'Neil
7,Joy Harjo
8,John Ashbery
9,Simone White
10,Heid E. Erdrich
11,Sarah White
12,Judith Harris
13,Kelly Madigan
14,Cathryn Essinger
15,P. Ivan Young
16,Truong Tran
17,Debora Greger
18,James Tate
19,Barbara Ras
20,Eugene Gloria
21,Michael Gessner
22,Indran Amirthanayagam
23,Tao Lin
24,Margarita Engle
25,Quan Barry
26,James Masao Mitsui
27,Rick Noguchi
28,Robert Wrigley
29,Adrian Matejka
30,Osip Mandelstam
31,Juliet Kono
32,Naomi Shihab Nye
33,Shin Yu Pai
34,Sueyeun Juliette Lee
35,Christina Pugh
36,Cathy Linh Che
37,Eric Gamalinda
38,Aracelis Girmay
39,Sandra Lim
40,Ha Jin
41,Bei Dao
42,Sarah Gambito
43,Sun Yung Shin
44,April Ossmann
45,Thomas Centolella
46,Jaswinder Bolina
47,Gerard Malanga
48,Amanda Nadelberg
49,Eileen R. Tabios
50,Sunnylyn Thibodeaux
51,Nikki Wallschlaeger
52,Francisco Aragón
53,Sara Deniz Akant
54,Craig Morgan Teicher
55,Dan Vera
56,T'ai Freedom Ford
57,William Trowbridge
58,Douglas Manuel
59,Diane Gilliam Fisher
60,Cynthia Hogue
61,Phillis Wheatley
62,Cynthia Zarin
63,Jill Bialosky
64,Andrew Motion
65,Koon Woon
66,Mari L'Esperance
67,Anthony Madrid
68,Veronica Forrest-Thomson
69,Dorianne Laux
70,Shara McCallum
71,Pattiann Rogers
72,JoAnn Balingit
73,Martin Carter
74,Jennifer Rahim
75,erica lewis
76,Vincent Katz
77,Hoa Nguyen
78,Julien Poirier
79,Joshua Edwards
80,Jill Magi
81,Joseph Hutchison
82,Wesley McNair
83,Marge Piercy
84,Leslie Harrison
85,Carmen Bernier-Grand
86,Nancy Willard
87,Fleda Brown
88,Christine Stewart-Nuñez
89,James Crews
90,Kim Addonizio
91,Pat Schneider
92,Marjorie Saiser
93,Peter Everwine
94,Brenda Coultas
95,Marie Buck
96,Matthew Zapruder
97,Ben Fama
98,Eleni Sikelianos
99,Daniel Nadler
100,Harryette Mullen
101,Mary O'Donnell
102,Anna Rabinowitz
103,Tracy K. Smith
104,Mina Loy
105,Joanna Klink
106,David Shook
107,Jennifer Firestone
108,Emily Skillings
109,Kit Robinson
110,Vi Khi Nao
111,Johannes Göransson
112,Aimee Nezhukumatathil
113,Elizabeth Barrett Browning
114,Aziza Barnes
115,Naomi Replansky
116,Terrance Hayes
117,Teresa Mei Chuc
118,Margaret Hasse
119,W. Todd Kaneko
120,Tami Haaland
121,Jonterri Gadson
122,Darren Sardelli
123,Thomas R. Moore
124,Terri Kirby Erickson
125,Mark Rudman
126,Randall Horton
127,Rodney Koeneke
128,Kenyatta Rogers
129,James Hoch
130,Matthew Dickman
131,Divya Victor
132,Jeffrey Harrison
133,Jeff Derksen
134,Bruce Guernsey
135,Maggie Smith
136,Aleida Rodríguez
137,Angela C. Trudell Vasquez
138,Lesley Harrison
139,Christina Rossetti
140,Luljeta Lleshanaku
141,Christopher Soto
142,Melvin Dixon
143,Anthony Carelli
144,Solomon Ibn Gabirol
145,Yehudah Halevi
146,Moses ibn Ezra
147,Christian Wiman
148,Jen Hofer
149,Sean Thomas Dougherty
150,Rebecca Morgan Frank
151,TC Tolbert
152,Chrystos
153,Alli Warren
154,Kiki Petrosino
155,Levi Romero
156,Greg Delanty
157,Joseph Di Prisco
158,Elizabeth A.I. Powell
159,Alurista
160,Joseph Massey
161,Karen Volkman
162,Anna Marie Sewell
163,Gillian Conoley
164,Ryo Yamaguchi
165,Jack Kerouac
166,Chinua Achebe
167,Jennifer Wong
168,Daniel Poppick
169,Kazim Ali
170,Carrie Olivia Adams
171,Emily Hunt
172,Laura Marie Marciano
173,Alan Felsenthal
174,Evie Shockley
175,Laura Da'
176,Gwen Nell Westerman
177,Kathryn Nuernberger
178,Ruben Quesada
179,M.L. Smoker
180,Patricia Smith
181,Tim Seibles
182,Eric Gansworth
183,Michael Klein
184,Robert Hass
185,Julian Talamantez Brolaski
186,Jack Agüeros
187,dg nanouk okpik
188,Wendy Xu
189,Fady Joudah
190,Linda Rodriguez
191,Luis J. Rodríguez
192,Nick Arnold
193,Karenne Wood
194,Janice Gould
195,Luci Tapahonso
196,Brenda Hillman
197,Adam Clay
198,Eduardo Chirinos
199,elena minor
200,Olivia Maciel
201,Dunya Mikhail
202,Amy Gerstler
203,Robert Morgan
204,Jehanne Dubrow
205,Tatiana de la Tierra
206,Audre Lorde
207,Donna Masini
208,James K. Zimmerman
209,Betty Adcock
210,Marilyn Singer
211,Juan Felipe Herrera
212,Jameson Fitzpatrick
213,Ron Rash
214,Marilyn Dumont
215,Gordon Henry Jr.
216,Noah Warren
217,Janet McAdams
218,Tacey M. Atsitty
219,Merrill Leffler
220,Saundra Rose Maley
221,Sy Hoahwah
222,Cedar Sigo
223,Sandra Simpson
224,Philip Raisor
225,Raina J. León
226,Megan Snyder-Camp
227,David Hernandez
228,Cathy Tagnak Rexford
229,Peter Oresick
230,Alejandra Pizarnik
231,Carol V. Davis
232,William Archila
233,Deena Metzger
234,Stephanie Burt
235,Matthea Harvey
236,Jenny Xie
237,Ada Limón
238,Robert Hedin
239,Richard Jones
240,Ghassan Zaqtan
241,Olena Kalytiak Davis
242,Olav H. Hauge
243,Dag T. Straumsvåg
244,Jenny George
245,Melissa Stein
246,David Budbill
247,Bridget Talone
248,Claudia La Rocco
249,Meena Alexander
250,Celina Su
251,Hanif Abdurraqib
252,Sophia Dahlin
253,LeAnne Howe
254,Maryann Corbett
255,David Mason
256,Samuel Green
257,Etheridge Knight
258,Emily Jungmin Yoon
259,Langston Hughes
260,Pauli Murray
261,Adrian Koesters
262,Kim Lozano
263,Jim Daniels
264,Toby Altman
265,Ali Power
266,Edmund Berrigan
267,Lisa Wells
268,Randall Mann
269,Billy Collins
270,Steve Sanfield
271,G. Maria Hindmarch
272,Tongo Eisen-Martin
273,Mark Tardi
274,Justin Phillip Reed
275,Sir  Thomas Wyatt
276,Charles Bernstein
277,Mónica de la Torre
278,Donika Kelly
279,Kim Parko
280,Diana Khoi Nguyen
281,Gabriel Ojeda-Sague
282,Richard Blanco
283,Ursula K. Le Guin
284,Aase Berg
285,Dan Gerber
286,Sally Van Doren
287,Bill Zavatsky
288,Roberto Harrison
289,Solmaz Sharif
290,Natasha Trethewey
291,William Carlos Williams
292,D. H. Lawrence
293,Jean Toomer
294,E. E. Cummings
295,Ryler Dustin
296,Edna St. Vincent Millay
297,Kahlil Gibran
298,Nancy Miller Gomez
299,Peggy Shumaker
300,Larry Neal
301,Robert Frost
302,Katy Lederer
303,Rusty Morrison
304,Stephanie Ellis Schlaifer
305,Wallace Stevens
306,Susan Eisenberg
307,Dante Di Stefano
308,Judith Askew
309,Richard Robbins
310,Caitlin Doyle
311,Anne Sexton
312,bell hooks
313,Liz Ahl
314,Gerrit Lansing
315,Louise Bogan
316,George Sterling
317,John Masefield
318,Elisa Gabbert
319,John L. Stanizzi
320,Richard Jarrette
321,Pauletta Hansel
322,Max Garland
323,Jay Besemer
324,Ntozake Shange
325,Paul Martin
326,Thomas Reiter
327,Brian Lucas
328,Jeanie Greensfelder
329,Jessica Laser
330,Chris Martin
331,Peg Duthie
332,Mark Irwin
333,Faith Shearin
334,Kenneth Lee
335,Peter Schneider
336,Callie Garnett
337,Ginger Ko
338,Jasmine Gibson
339,Katy Bohinc
340,Chris Glomski
341,Michael Lally
342,Bruce Pemberton
343,André Naffis-Sahely
344,Austin Smith
345,Geoffrey Hilsabeck
346,Ron Koertge
347,Jared Stanley
348,Maureen Thorson
349,Lois Red Elk
350,Sally Wen Mao
351,Craig Santos Perez
352,Simon Armitage
353,John Trudell
354,Wisława Szymborska
355,Elise Hempel
356,Matthew Olzmann
357,Pimone Triplett
358,Layli Long Soldier
359,Letitia Elizabeth Landon
360,Kirsten Ihns
361,Megan Arlett
362,William Butler Yeats
363,Geoffrey Chaucer
364,Samuel Daniel
365,Michael Drayton
366,William Dunbar
367,A. E. Housman
368,John McCrae
369,John Milton
370,Thomas Love Peacock
371,Alan Seeger
372,William Shakespeare
373,John Skelton
374,Charles Hamilton Sorley
375,Robert Southey
376,"Henry Howard, Earl of Surrey"
377,James Thomson (Bysshe Vanolis)
378,Robert Browning
379,Isabella Whitney
380,Sandra M. Gilbert
381,Julian Grenfell
382,Francis Scott Key
383,William Langland
384,Vachel Lindsay
385,Emily Dickinson
386,Carl Phillips
387,John Frederick Nims
388,Grace Paley
389,A. R. Ammons
390,Barbara Guest
391,Charles Wright
392,Lizette Woodworth Reese
393,Gregory Orr
394,Rupert Brooke
395,Harriet Monroe
396,Sean Nevin
397,Rita Dove
398,Patricia Goedicke
399,Gerald Fleming
400,Miller Williams
401,Joseph O. Legaspi
402,Robert Duncan
403,Esther Belin
404,Carl Marcum
405,Carter Revard
406,Adrienne Rich
407,Ray Gonzalez
408,Thylias Moss
409,Allen Ginsberg
410,Gabriel Gomez
411,Paul Martínez Pompa
412,Rachel Loden
413,Lewis Warsh
414,Joan Retallack
415,Jena Osman
416,Keith Waldrop
417,Rosmarie Waldrop
418,Mohja Kahf
419,Khaled Mattawa
420,Samuel Hazo
421,David Elliott
422,Betsy Franco
423,Leslie Bulion
424,Susan M. Schultz
425,Yehuda Amichai
426,Taha Muhammad Ali
427,Timothy Donnelly
428,Frannie Lindsay
429,Charles Olson
430,Ezra Pound
431,Omar Pérez
432,W. S. Merwin
433,Tim Nolan
434,Avis Harley
435,Steven Herrick
436,Heidi Mordhorst
437,Ralph Fletcher
438,Sara Holbrook
439,David L. Harrison
440,Charles Ghigna
441,Nathaniel Perry
442,Lois Beebe Hayna
443,Edward Lear
444,Linh Dinh
445,Barbara Jane Reyes
446,Stéphane Mallarmé
447,Charles Baudelaire
448,Bruce Covey
449,Joan Larkin
450,John Hennessy
451,Kathleen Graber
452,Roxane Beth Johnson
453,Joyce Sutphen
454,Matthew Rohrer
455,Joshua Clover
456,Joel Brouwer
457,Mona Van Duyn
458,Kenneth Rexroth
459,Marilyn L. Taylor
460,Marjorie Maddox
461,Rafael Campo
462,Ellery Akers
463,Dorothea Lasky
464,Roberto Tejada
465,Jocelyn Saidenberg
466,Nicole Brossard
467,Dean Young
468,Jackson Mac Low
469,Justin Chin
470,Michelle Tea
471,Aaron Shurin
472,Robert Glück
473,Maureen Seaton
474,Renee Gladman
475,John Cage
476,Wayne Koestenbaum
477,Brian Teare
478,June Jordan
479,Robert Creeley
480,Jenny Factor
481,John Taggart
482,Timothy Liu
483,Chip Livingston
484,Catherine Wagner
485,Michael McFee
486,David St. John
487,Percy Bysshe Shelley
488,Carolyn Kizer
489,Jonathan Williams
490,Paul Foster Johnson
491,Lucille Clifton
492,Daniel Borzutzky
493,Muriel Rukeyser
494,John Unterecker
495,Kate Greenstreet
496,Tom Raworth
497,Michael McClure
498,D. A. Powell
499,Landis Everson
500,Nathaniel Tarn
501,Eileen Myles
502,Fred Wah
503,Brenda Cárdenas
504,Urayoán Noel
505,Lisel Mueller
506,Calef Brown
507,Douglas Florian
508,Jane Yolen
509,Joyce Sidman
510,Kristine O'Connell George
511,Reginald Shepherd
512,William Blake
513,Ava Schicke
514,Stephen Sandy
515,Eleanor Ross Taylor
516,Rane Arroyo
517,Ashley Anna McHugh
518,Ronaldo V. Wilson
519,Nathalie Handal
520,Mark Jarman
521,Stephen Spender
522,Tsering Wangmo Dhompa
523,Jorie Graham
524,P. Inman
525,J. Patrick Lewis
526,David Ferry
527,Joe Mills
528,Cathy Smith Bowers
529,Alison Hawthorne Deming
530,Gerald Stern
531,Thomas P. Lynch
532,Marilyn Chin
533,Marie Howe
534,Adrien Stoutenburg
535,Jennifer Moxley
536,Bob Hicok
537,Lisa Jarnot
538,Tom Sleigh
539,Barbara Schmitz
540,Gregory Pardlo
541,Patricia Jabbeh Wesley
542,John Wieners
543,Jane Miller
544,April Lindner
545,Ed Roberson
546,Gwendolyn Brooks
547,Donald Davie
548,Marcus B. Christian
549,Dick Allen
550,Angelo Giambra
551,Thomas Bastard
552,E. A. Markham
553,Roy Scheele
554,Michael Palmer
555,Kathleen M. McCann
556,Frank Marshall Davis
557,Meghan O'Rourke
558,Stanley Kunitz
559,Jane Cooper
560,Kay Mullen
561,Ladan Osman
562,Leo Dangel
563,John Koethe
564,Michael Ryan
565,W.D. Ehrhart
566,William Stanley Braithwaite
567,Andrei Codrescu
568,Arthur Symons
569,Ernest Dowson
570,Sir Philip Sidney
571,Arthur O'Shaughnessy
572,Edward Thomas
573,Bill Berkson
574,Ken Mikolowski
575,Daniel Nyikos
576,Joanne Kyger
577,Robert Fernandez
578,Ish Klein
579,David Dominguez
580,Don Thompson
581,Will Alexander
582,Micah Ballard
583,Diane di Prima
584,Kay Ryan
585,J. T. Ledbetter
586,Jorge Evans
587,David Black
588,Molly Fisk
589,Colette Labouff Atkinson
590,James Longenbach
591,Liam Rector
592,Vicki Hearne
593,Peter Balakian
594,Mark Halliday
595,Peg Boyers
596,Connie Voisine
597,Paul Verlaine
598,Arthur Rimbaud
599,David Gewanter
600,Greg Miller
601,Don Bogen
602,Richard O. Moore
603,W. S. Graham
604,Kris Hemensley
605,Jan Owen
606,Mark Tredinnick
607,Judith Beveridge
608,Peter Boyle
609,Caroline Caddy
610,Fay Zwicky
611,Chris Wallace-Crabbe
612,Geoff Page
613,Stephen Edgar
614,Vivian Smith
615,Tim Dlugos
616,Brook Emery
617,Michael Sharkey
618,David Musgrave
619,Richard Tagett
620,Catherine Wing
621,L. E. Sissman
622,Richard Newman
623,Richard Levine
624,Susan Hampton
625,Luke Davies
626,Alan Dugan
627,joanne burns
628,Catherine Tufariello
629,Denise Low
630,Charles Simic
631,Femi Osofisan
632,Mary Sidney Herbert Countess of Pembroke
633,Dilruba Ahmed
634,Emily Warn
635,Théophile Gautier
636,Jane Hirshfield
637,Lal Ded
638,Rabi'a
639,Gertrude Stein
640,Rachel Richardson
641,Brian Henry
642,Ted Berrigan
643,Gaspara Stampa
644,William Cullen Bryant
645,Peter Gizzi
646,Adonis
647,Linda Pastan
648,Charlotte Mew
649,Linda Gregerson
650,Heather McHugh
651,Jacqueline Osherow
652,Eavan Boland
653,Claudia Emerson
654,Shel Silverstein
655,Carol L. Gloor
656,Anya Silver
657,Rosanna Warren
658,Chard DeNiord
659,Dorothea Tanning
660,Sarah A. Chavez
661,Carrie Shipers
662,Clark Coolidge
663,Darcie Dennigan
664,Bernadette Mayer
665,Stanley Moss
666,Cole Swensen
667,Jeanne Wagner
668,Carol Light
669,Jared Harél
670,Janet Eigner
671,Wendy Videlock
672,Jillena Rose
673,Kathryn Stripling Byer
674,Mark Vinz
675,Laurel Blossom
676,Charles Reznikoff
677,Mark Doty
678,Brandon Shimoda
679,Amy King
680,Harmony Holiday
681,Paul Blackburn
682,Rebecca Lindenberg
683,David Sullivan
684,Jennifer Grotz
685,John Brehm
686,Ron Silliman
687,Linda Norton
688,Andrew Allport
689,Edgar Allan Poe
690,Ariana Reines
691,Julie Suk
692,Debra Wierenga
693,Shawn Pittard
694,Linda Parsons Marion
695,Judith Slater
696,Duchess of Newcastle Margaret Cavendish
697,Ciaran Carson
698,Sasha Steensen
699,E. Tracy Grinnell
700,H. L. Hix
701,Rita Ann Higgins
702,John Spaulding
703,Jo McDougall
704,Daniel J. Langton
705,Geraldine Connolly
706,Judson Mitcham
707,Minnie Bruce Pratt
708,Allison Adelle Hedge Coke
709,Linda Hogan
710,Quincy Troupe
711,Victor Hernández Cruz
712,Lord Byron (George Gordon)
713,Karyna McGlynn
714,Brandon Brown
715,Garrett Caples
716,Laynie Browne
717,James Sloan Gibbons
718,George Moses Horton
719,Richard Owens
720,Derek N. Otsuji
721,Susan Kolodny
722,Melvin B. Tolson
723,Samuel Greenberg
724,Lucy Larcom
725,Ethel Lynn Beers
726,Elizabeth Drew Barstow Stoddard
727,George Henry Boker
728,Henrietta Cordelia Ray
729,Herman Melville
730,Henry Timrod
731,Sarah Morgan Bryan Piatt
732,Barton Sutter
733,Casey Pycior
734,Eamon Grennan
735,Richard M. Berlin
736,Sarah C. Harwell
737,Susan Wheeler
738,Forrest Gander
739,Bob Kaufman
740,Kenneth Patchen
741,Stevie Smith
742,Roy Fisher
743,Jan Heller Levi
744,Cynthia Huntington
745,Henri Cole
746,Dana Ward
747,Kathleen Rooney
748,Nikky Finney
749,Zachary Schomburg
750,Robert Polito
751,Bruce Lansky
752,Bill Dodds
753,Joyce Armor
754,Hannah Gamble
755,Lisa Robertson
756,Mark Sanders
757,Lynne Sharon Schwartz
758,Robert Gibb
759,Chana Bloch
760,Mark O'Brien
761,Kate Buckley
762,Allan Peterson
763,Adrian C. Louis
764,Angela Jackson
765,Jeff Daniel Marion
766,Patricia Clark
767,Maureen Ash
768,Wendell Berry
769,Lorine Niedecker
770,Camille Guthrie
771,Curzio Malaparte
772,Steve Kistulentz
773,Sappho
774,Laura Dimmit
775,Marsha Truman Cooper
776,Paisley Rekdal
777,Dawn Lundy Martin
778,George Bilgere
779,Robin Chapman
780,Joel Craig
781,Nick Twemlow
782,Erin Belieu
783,Carolyn Creedon
784,X J Kennedy
785,D. Nurkse
786,Bruce Snider
787,James Doyle
788,Laura Mullen
789,Alicia Ostriker
790,A. E. Stallings
791,Gabriel Spera
792,Helen T. Glenn
793,Joseph Millar
794,Walt Whitman
795,Alice Oswald
796,Christina Davis
797,Raymond McDaniel
798,Sheryl St. Germain
799,Edgar Lee Masters
800,Natalie Diaz
801,Baron Brooke Fulke Greville
802,George Gascoigne
803,George Herbert
804,James Shirley
805,Marie Thurmer
806,Debra Nystrom
807,Gabriel Welsch
808,Philip Nikolayev
809,Rebecca Hazelton
810,Tyrone Williams
811,Sharon Mesmer
812,Philip Lamantia
813,John Yau
814,Anna Moschovakis
815,Lynn Xu
816,Mary M. Brown
817,LaTasha N. Nevada Diggs
818,Gina Franco
819,Mo H. Saidi
820,Sherod Santos
821,Jay Leeming
822,Kathleen Driskell
823,Nancy Simpson
824,Kim Dower
825,Jonathan Greene
826,Li-Young Lee
827,Chelsea Rathburn
828,Amy Fleury
829,Karla Huston
830,Andrea Hollander
831,William Jolliff
832,Catherine Savage Brosman
833,Frank Osen
834,Ivan Hobson
835,Mark Kraushaar
836,Shari Wagner
837,Heather Allen
838,Robert Haight
839,David Allan Evans
840,Jake Adam York
841,Ko Un
842,John Barr
843,John Philip Johnson
844,Karina Borowicz
845,Rose Fyleman
846,Georgia Douglas Johnson
847,Li Po
848,Rabindranath Tagore
849,Emanuel Xavier
850,David Yezzi
851,Cleopatra Mathis
852,Lucie Brock-Broido
853,Barbara Crooker
854,Linda M. Hasselstrom
855,Matt Mason
856,Jackie Fox
857,Marty Walsh
858,Mary Szybist
859,Brian Russell
860,Robert Winner
861,Jane Kenyon
862,Carmen Giménez Smith
863,Carol Ann Duffy
864,Tino Villanueva
865,J. Michael Martinez
866,David Lau
867,Adrian Castro
868,Tishani Doshi
869,Joseph Brodsky
870,Mary Margaret Alvarado
871,Valerie Mejer Caso
872,Stephanie Young
873,Lucy Ives
874,Anne Waldman
875,Farnoosh Fathi
876,Susan Kelly-DeWitt
877,Lyn Hejinian
878,Joyelle McSweeney
879,Cynthia Cruz
880,Carmen Tafolla
881,Barbara Hamby
882,Jesús Papoleto Meléndez
883,Donald Revell
884,Suzanne Gardinier
885,Fanny Howe
886,Hilda Morley
887,Maurice Kilwein Guevara
888,Michael Schmidt
889,Juan Delgado
890,Lorna Dee Cervantes
891,Ed Bok Lee
892,Andrew Zawacki
893,Priscilla Lee
894,Raza Ali Hasan
895,Tarfia Faizullah
896,Graham Foust
897,Nathaniel Mackey
898,Xochiquetzal Candelaria
899,Claude McKay
900,Calvin Bedient
901,Esther Lee
902,David Mura
903,Joshua Beckman
904,Sharon Chmielarz
905,Marilyn Nelson
906,George Quasha
907,John Davies
908,Sir Walter Ralegh
909,Brian Komei Dempster
910,Jody Gladding
911,Clifton Gachagua
912,Kofi Awoonor
913,George Oppen
914,Gary Snyder
915,Jerome Rothenberg
916,Allen Grossman
917,Sandy Florian
918,Robert Alter
919,Paul Celan
920,Martín Espada
921,Elise Partridge
922,Laetitia Pilkington
923,Jill McDonough
924,Thomas Hardy
925,Isaac Rosenberg
926,Siegfried Sassoon
927,Lee Herrick
928,Robert Nichols
929,Ron Padgett
930,Ivor Gurney
931,Edmund Blunden
932,Robert Graves
933,Wilfred Owen
934,Laurence Binyon
935,Katie Peterson
936,H. D.
937,Nathaniel Hawthorne
938,Ford Madox Ford
939,Katharine Tynan
940,Arthur Graeme West
941,Jessie Pope
942,Eleanor Farjeon
943,Vera Mary Brittain
944,Edith Wharton
945,Sara Teasdale
946,Wilfrid Wilson Gibson
947,Ella Wheeler Wilcox
948,Henry Newbolt
949,Carl Sandburg
950,Patrick Shaw-Stewart
951,Kenneth Koch
952,Gail Mazur
953,Mary Borden
954,Margaret Postgate Cole
955,Florence Ripley Mastin
956,Hervey Allen
957,Elizabeth Bishop
958,May Wedderburn Cannan
959,Carl Rakosi
960,Francis Ledwidge
961,Rudyard Kipling
962,Randall Jarrell
963,James Schuyler
964,Derek Walcott
965,Alexandria Peary
966,Tina Chang
967,Kevin Young
968,Sylvia Plath
969,G. K. Chesterton
970,Edgell Rickword
971,Ravi Shankar
972,Thom Gunn
973,Jennifer Gray
974,Stuart Kestenbaum
975,Jennifer Maier
976,Mary Avidano
977,Roger Pfingston
978,Danusha Laméris
979,Don Welch
980,Kurt Brown
981,Barbara Ellen Sorensen
982,Karen J. Weyant
983,Amanda Strand
984,Penny Harter
985,Ilya Kutik
986,Sudeep Sen
987,Frank O'Hara
988,Donald Justice
989,Suji Kwock Kim
990,Mong-Lan
991,Michael Chitwood
992,Alice Notley
993,Rachel Sherwood
994,Oliver de la Paz
995,Jennifer Elise Foerster
996,Martha Collins
997,Rosemary Tonks
998,Joshua Weiner
999,Maggie Dietz
1000,Lloyd Schwartz
1001,Chitra Banerjee Divakaruni
1002,Susan Stewart
1003,Luisa A. Igloria
1004,Pat Mora
1005,Judith Ortiz Cofer
1006,Jon Pineda
1007,Paul Violi
1008,Jennifer Michael Hecht
1009,Jericho Brown
1010,Vandana Khanna
1011,Edward Hirsch
1012,David Roderick
1013,Eric Chock
1014,Silvia Curbelo
1015,Kwame Dawes
1016,Kyle Harvey
1017,Patrick Hicks
1018,Ned Balbo
1019,Marjorie Agosín
1020,Jon Leon
1021,Sydney Lea
1022,Ed Ochester
1023,J. Allyn Rosser
1024,Claudia Rankine
1025,Prageeta Sharma
1026,Joseph Bruchac
1027,John Hollander
1028,Angela de Hoyos
1029,Deborah Paredez
1030,Toi Derricotte
1031,"Alfred, Lord Tennyson"
1032,Henry Wadsworth Longfellow
1033,John Mason Neale
1034,Walter de La Mare
1035,Jennifer Maiden
1036,Daniel Tiffany
1037,Emily Rosko
1038,Nick Carbó
1039,Laura Moriarty
1040,Yolanda Wisher
1041,Paul Muldoon
1042,Rigoberto González
1043,David Tomas Martinez
1044,Michael Miller
1045,Monica Ferrell
1046,Katia Kapovich
1047,Brian Blanchfield
1048,Erika Meitner
1049,Joyce Peseroff
1050,Sandra M. Castillo
1051,Lawson Fusao Inada
1052,Robert W. Service
1053,Amiri Baraka
1054,Alice B. Fogel
1055,Rae Armantrout
1056,Amber Atiya
1057,Khadijah Queen
1058,Danez Smith
1059,Morgan Parker
1060,Jamaal May
1061,Kevin Killian
1062,D. R. Goodman
1063,Thomas Sayers Ellis
1064,Frank Bidart
1065,Mary Jo Bang
1066,Oli Hazzard
1067,Deborah Landau
1068,CAConrad
1069,Patricia Traxler
1070,Patrick Phillips
1071,Edward Taylor
1072,John Sakkis
1073,Philip Jenks
1074,Dorothy Parker
1075,Tato Laviera
1076,Maya Angelou
1077,Ishmael Reed
1078,Joe Brainard
1079,Orlando White
1080,Katie Ford
1081,William E. Stafford
1082,Cecilia Vicuña
1083,Anne Boyer
1084,Mary Hickman
1085,Paolo Javier
1086,Jay Wright
1087,Matthew Shenoda
1088,Twyla Hansen
1089,Octavio Paz
1090,Gabrielle Calvocoressi
1091,Jennifer Chang
1092,Elaine Kahn
1093,Katrina Roberts
1094,Camille T. Dungy
1095,Joanna Fuhrman
1096,Pedro Pietri
1097,Valerie Wetlaufer
1098,Monica McClure
1099,Debra Marquart
1100,Freya Manfred
1101,Jack Gilbert
1102,Jacqueline Woodson
1103,Tory Dent
1104,Frances Ellen Watkins Harper
1105,Nick Flynn
1106,Juliana Spahr
1107,Tony Hoagland
1108,Nate Marshall
1109,Paul Carroll
1110,Afaa Michael Weaver
1111,Timothy Tocher
1112,Christine Lynn Mahoney
1113,Fran Haraway
1114,Rebecca Kai Dotlich
1115,Mary Atkinson
1116,James Kimbrell
1117,Stephanie Gray
1118,Carole Boston Weatherford
1119,Bob Perelman
1120,Janet McNally
1121,JonArno Lawson
1122,Nancy Bo Flood
1123,Victoria Chang
1124,Terese Svoboda
1125,Tomas Tranströmer
1126,Patricia Spears Jones
1127,May Sarton
1128,Margaret Avison
1129,Joyce Carol Oates
1130,Major Jackson
1131,Marsha De La O
1132,Yusef Komunyakaa
1133,April Halprin Wayland
1134,Robin Coste Lewis
1135,Ross Gay
1136,C. Dale Young
1137,Eva Saulitis
1138,Cate Marvin
1139,Antonio Machado
1140,Lia Purpura
1141,Linda Bierds
1142,Amy E. Sklansky
1143,Jen Bryant
1144,Eileen Spinelli
1145,Arden Levine
1146,Cynthia Ventresca
1147,Francine Sterle
1148,Jane Mead
1149,James Baldwin
1150,Camille Rankine
1151,Michael Dickman
1152,Pat Emile
1153,Ginger Murchison
1154,Sylvia Ross
1155,Stuart Dybek
1156,Nick Norwood
1157,Alberto Ríos
1158,Norma Cole
1159,Robyn Schiff
1160,James McMichael
1161,James Lasdun
1162,Karen Solie
1163,Frederick Seidel
1164,Timothy Yu
1165,Tess Taylor
1166,Frank Lima
1167,Carrie Fountain
1168,Roald Dahl
1169,Eloise Greenfield
1170,Frank Ormsby
1171,Elizabeth Arnold
1172,John Godfrey
1173,Amit Majmudar
1174,Alice Fulton
1175,Andrew Shields
1176,Joseph Gordon Macleod
1177,Nikki Giovanni
1178,Elizabeth Willis
1179,Rebecca Wolff
1180,Don Mee Choi
1181,Tyehimba Jess
1182,Molly Peacock
1183,Richard Michelson
1184,Gerard Manley Hopkins
1185,Taylor Mali
1186,Dana Gioia
1187,David Trinidad
1188,Idra Novey
1189,Andrew Joron
1190,Lillian-Yvonne Bertram
1191,Dara Wier
1192,Robert Francis
1193,Warsan Shire
1194,Cornelius Eady
1195,Jayne Cortez
1196,Robin Morgan
1197,Jo'lene Dailey
1198,Todd Colby
1199,Sara Nicholson
1200,Suzanne Buffam
1201,Hannah Brooks-Motl
1202,Ben Estes
1203,Alfred Starr Hamilton
1204,John Tipton
1205,Alan Feldman
1206,Emilie Buchwald
1207,Carol Muske-Dukes
1208,Stephen Swinburne
1209,Sallie Wolf
1210,Katherine Hauth
1211,Karen Jo Shapiro
1212,Francisco X. Alarcón
1213,Jana Prikryl
1214,Larry Eigner
1215,Ted Greenwald
1216,Jana Harris
1217,Sharon Olds
1218,Lynn Pedersen
1219,C. D. Wright
1220,Mark McMorris
1221,Anne Spencer
1222,Louis MacNeice
1223,Ilya Kaminsky
1224,Catherine Bowman
1225,Emmy Pérez
1226,Reginald Gibbons
1227,Sjohnna McCray
1228,David Rivard
1229,James Galvin
1230,Dana Levin
1231,Brenda Shaughnessy
1232,Hayan Charara
1233,Mark Levine
1234,Daniel Tobin
1235,Richard Katrovas
1236,Donald Britton
1237,Margaret Fishback
1238,Susan Rothbard
1239,Vahni Capildeo
1240,Lenelle Moïse
1241,Susan Firer
1242,Dale Going
1243,Jim Harrison
1244,Jean Valentine
1245,Lucia Perillo
1246,Rachel Galvin
1247,Robert Tremmel
1248,Michael Lauchlan
1249,Jack Cooper
1250,Gary Whited
1251,Quraysh Ali Lansana
1252,Emily Pérez
1253,Eric Amling
1254,Derek Mahon
1255,Eiléan Ní Chuilleanáin
1256,Nuala Ní Dhomhnaill
1257,Michael Hartnett
1258,Diane Lockward
1259,Hai-Dang Phan
1260,James K. Baxter
1261,Kate Colby
1262,Robin Blaser
1263,Melissa Broder
1264,Rebecca Seiferle
1265,Cyrus Cassells
1266,Joy Katz
1267,Sandra Simonds
1268,Fred D'Aguiar
1269,D. Gilson
1270,Sergey Gandlevsky
1271,Mary Karr
1272,Lynn Emanuel
1273,Peter Cole
1274,A.B. Jackson
1275,Lynne Thompson
1276,sam sax
1277,Phillip B. Williams
1278,Lucy Tunstall
1279,Gillian Allnutt
1280,Kate Potts
1281,Moniza Alvi
1282,Ruth Wiggins
1283,Liz Berry
1284,Fran Lock
1285,Mark Waldron
1286,Denise Riley
1287,Emily Berry
1288,Cathy Song
1289,Jacqueline Jones LaMon
1290,Bettina M. Walker
1291,CM Burroughs
1292,Mahogany L. Browne
1293,Cheryl Boyce-Taylor
1294,Roger Reeves
1295,Haki R. Madhubuti
1296,Elise Paschen
1297,Jeffrey Yang
1298,Ocean Vuong
1299,Bryan Thao Worra
1300,Rajiv Mohabir
1301,Brandon Som
1302,Mai Der Vang
1303,Gerald Maa
1304,Michael Hofmann
1305,Javier Zamora
1306,Kaveh Akbar
1307,Roy G. Guzmán
1308,Elizabeth Metzger
1309,Atsuro Riley
1310,Dana Roeser
1311,Patricia Lockwood
1312,Ricardo Alberto Maldonado
1313,Karl O'Hanlon
1314,Alison C. Rollins
1315,Andrew McMillan
1316,Mario Meléndez
1317,Ian Pople
1318,Tyler Mills
1319,Vidyan Ravinthiran
1320,Hannah Lowe
1321,Karen An-hwei Lee
1322,Sandra McPherson
1323,Ishion Hutchinson
1324,Chen Jun
1325,Sylvia Legris
1326,Chase Twichell
1327,Joel Dias-Porter
1328,Paul Hostovsky
1329,Ed Skoog
1330,Duy Doan
1331,Katharine Coles
1332,Kate Farrell
1333,Geraldine Clarkson
1334,Natalie Shapero
1335,Franny Choi
1336,Natalie Scenters-Zapico
1337,Alan R. Shapiro
1338,Shane McCrae
1339,Marcus Slease
1340,Bruce Bond
1341,Jalal al-Din Rumi
1342,Elaine Equi
1343,Fatimah Asghar
1344,Cortney Lamar Charleston
1345,Sumita Chakraborty
1346,Donald Platt
1347,Monica Sok
1348,Durs Grünbein
1349,Cynthia Arrieu-King
1350,Beth Bachmann
1351,Jake Crist
1352,Drew Gardner
1353,John Lee Clark
1354,Clare Jones
1355,Angie Macri
1356,Robert Adamson
1357,Igor Klikovac
1358,Jane Yeh
1359,Dan Beachy-Quick
1360,Valzhyna Mort
1361,Kristen Tracy
1362,Liz Howard
1363,Dani Couture
1364,Michael Prior
1365,Ben Ladouceur
1366,Jeff Latosik
1367,Ian Williams
1368,Sachiko Murakami
1369,Mark Laliberte
1370,Daniel Scott Tysdal
1371,Shane Book
1372,Nyla Matuk
1373,Sonnet L'Abbé
1374,Jennifer Givhan
1375,Rosebud Ben-Oni
1376,Christopher Spaide
1377,Mario Chard
1378,Amy Key
1379,Joshua Bennett
1380,Sean O’Brien
1381,Ari Banias
1382,Marion McCready
1383,Jamie McKendrick
1384,Paul Batchelor
1385,Sheryl Luna
1386,Alice Lyons
1387,Paige Lewis
1388,Anna Jackson
1389,Michele Leggott
1390,Kate Camp
1391,Jessie Puru
1392,Robert Sullivan
1393,Tayi Tibble
1394,Hera Lindsay Bird
1395,Kerrin P. Sharpe
1396,James Brown
1397,Jenny Bornholdt
1398,Anne Kennedy
1399,Bill Manhire
1400,Bernadette Hall
1401,Vincent O’Sullivan
1402,C. K. Stead
1403,Tim Upperton
1404,Chris Tse
1405,Gregory O’Brien
1406,Ashleigh Young
1407,Faith Wilson
1408,Steven Toussaint
1409,Albert Wendt
1410,Erik Kennedy
1411,Therese Lloyd
1412,Essa Ranapiri
1413,Murray Edmond
1414,Dylan Horrocks
1415,Anahera Gildea
1416,Courtney Sina Meredith
1417,Carla Panciera
1418,Martha Silano
1419,Nathan Spoon
1420,Anselm Berrigan
1421,Hieu Minh Nguyen
1422,Frances Leviston
1423,Lani O'Hanlon
1424,Camonghne Felix
1425,Chase Berggrun
1426,Eduardo C. Corral
1427,Raymond Antrobus
1428,Philip Good
1429,Noah Baldino
1430,Kristen Renee Miller
1431,Kinga Tóth
1432,Joel Lipman
1433,Dora Malech
1434,Trevino L. Brings Plenty
1435,Michael Wasson
1436,Crisosto Apache
1437,Tanaya Winder
1438,Aja Couchois Duncan
1439,Ishmael Angaluuk Hope
1440,Robin Richardson
1441,Jennifer Militello
1442,Lynn Melnick
1443,Catherine Barnett
1444,Tony Lopez
1445,Yoko Ono
1446,Safia Elhillo
1447,Virginia Keane
1448,Keith S. Wilson
1449,Franz Wright
1450,Carolina Ebeid
1451,Mia Kang
1452,Alex Dimitrov
1453,Jennifer Jean
1454,Ange Mlinko
1455,Rebecca Ariel Porte
1456,Nomi Stone
1457,Zack Strait
1458,Jayme Ringleb
1459,Matthew Sweeney
1460,Claudine Toutoungi
1461,Nestor Gomez
1462,Molly Brodak
1463,Sarah Gridley
1464,Elena Karina Byrne
1465,Clint Smith
1466,Jack Underwood
1467,Gregory Maguire
1468,Christine Gosnay
1469,Alan Pelaez Lopez
1470,Roy White
1471,torrin a. greathouse
1472,Heather Christle
1473,Alice Miller
1474,Frank Sherlock
1475,Nicky Beer
1476,Yanyi
1477,Jane Wong
1478,Laura Kasischke
1479,Robin Gow
1480,Toby Martinez de las Rivas
1481,Faylita Hicks
1482,Tiana Clark
1483,Justice Ameer
1484,Krista Franklin
1485,Amy Beeder
1486,Rick Barot
1487,Martha Zweig
1488,Amir Khadar
1489,Julian Randall
1490,Ali Liebegott
1491,Luther Hughes
1492,Mona Arshi
1493,Nam Le
1494,Paul Tran
1495,John Shoptaw
1496,Adrienne Su
1497,Mira Rosenthal
1498,Yi Sang
1499,Ken Chen
1500,Kai Conradi
1501,Anne Winters
1502,avery r. young
1503,Brad Trumpfheller
1504,An Li
1505,Charles North
1506,Stephen Ira
1507,Willie Perdomo
1508,Michael Farrell
1509,Joy Ladin
1510,Ching-In Chen
1511,Traci Brimhall
1512,Monica Youn
1513,Penelope Shuttle
1514,Pascale Petit
1515,Sam Riviere
1516,Kathy Fagan
1517,Mary Meriam
1518,Marianne Boruch
1519,Gabrielle Bates
1520,Thomas McCarthy
1521,Clodagh Beresford Dunne
1522,Caroline Bird
1523,Richard Kenney
1524,Jennifer S. Flescher
1525,Bev Yockelson
1526,Oliver Baez Bendorf
1527,Zeina Hashem Beck
1528,Annie Finch
1529,Rocket Caleshu
1530,Naomi Cohn
1531,Tess Gallagher
1532,Chrissy Williams
1533,Lieke Marsman
1534,Miriam Bird Greenberg
1535,Jane Huffman
1536,Kien Lam
1537,Eliza Griswold
1538,Natasha Sajé
1539,Ben Purkert
1540,Stephen Sexton
1541,Angela Narciso Torres
1542,Shira Dentz
1543,Anthony Lawrence
1544,Julia Kolchinsky Dasbach
1545,Eloisa Amezcua
1546,Huang Fan
1547,William Logan
1548,Patrick Durgin
1549,Brian Kim Stefans
1550,Joshua Marie Wilkinson
1551,Alyssa Moore
1552,Desirée Alvarez
1553,Ru Freeman
1554,Joshua Jennifer Espinoza
1555,LaWanda Walters
1556,Victoria Martinez
1557,Ashanti Anderson
1558,Reginald Dwayne Betts
1559,Edil Hassan
1560,Angel Nafis
1561,Sahar Muradi
1562,Saaro Umar
1563,Aria Aber
1564,Afshan Shafi
1565,Nadra Mabrouk
1566,Momtaza Mehri
1567,Sheena Raza Faisal
1568,Leo Boix
1569,Bianca Stone
1570,Charif Shanahan
1571,Martha Serpas
1572,David Harsent
1573,Miller Oberman
1574,Anthony Anaxagorou
1575,Paula Bohince
1576,Devin Johnston
1577,Emily Liebowitz
1578,Natalie Eilbert
1579,Richard Garcia
1580,David Baker
1581,Lily Zhou
1582,Philip Metres
1583,T.J. Jarrett
1584,John Skoyles
1585,Melissa Studdard
1586,Libby Burton
1587,K Ming Chang
1588,Tom Wayman
1589,Maria Hummel
1590,Dayna Patterson
1591,Spencer Short
1592,Khaty Xiong
1593,John Gallaher
1594,Jim Johnstone
1595,Jane Zwart
1596,Anne Marie Rooney
1597,Catie Rosemurgy
1598,Jasmine Elizabeth Smith
1599,George Szirtes
1600,Kayleb Rae Candrilli
1601,Austin Segrest
1602,Melian Radu
1603,Megan Denton Ray
1604,Wayne Holloway-Smith
1605,Mary Biddinger
1606,John Kinsella
1607,Cody Smith
1608,Raymond Luczak
1609,Julia Randall
1610,Marie Ponsot
1611,May Swenson
1612,Michele Wolf
1613,Neil Carpathios
1614,Allan Johnston
1615,Geoffrey Brock
1616,Jack Conway
1617,Anna Akhmatova
1618,Adam Zagajewski
1619,Mark Strand
1620,Jill Alexander Essbaum
1621,Sarah Holland-Batt
1622,Carolyn Forché
1623,Todd Swift
1624,Jessica Jopp
1625,John M. Ridland
1626,Lisa Russ Spaar
1627,Andrea Cohen
1628,Kabir
1629,Sarah Lindsay
1630,Daisy Fried
1631,Paul Hoover
1632,Clive James
1633,Gottfried Benn
1634,Averill Curdy
1635,Scott Cairns
1636,Roddy Lumsden
1637,Dave Smith
1638,C. K. Williams
1639,W. S. Di Piero
1640,Todd Boss
1641,Tim Bowling
1642,Sasha Dugdale
1643,James Arthur
1644,Stephen Yenser
1645,Sophie Cabot Black
1646,Josh Wild
1647,Malachi Black
1648,Amrita Pritam
1649,Juhan Liiv
1650,Angelos Sikelianos
1651,Claude Esteban
1652,Abid B Al-Abras
1653,Labid
1654,Arseny Tarkovsky
1655,Eugénio de Andrade
1656,Edith Södergran
1657,Elena Shvarts
1658,Reina María Rodríguez
1659,Bertolt Brecht
1660,Ouyang Jianghe
1661,Elsa von Freytag-Loringhoven
1662,Amanda Jernigan
1663,Mary Ruefle
1664,Robin Robertson
1665,Dan Howell
1666,Anthony Hecht
1667,Spencer Reece
1668,Bryan D. Dietrich
1669,Melanie Braverman
1670,Joanie Mackowski
1671,A. F. Moritz
1672,Ray Amorosi
1673,Heidy Steidlmayer
1674,John Rybicki
1675,Robert VanderMolen
1676,Olivia Clare
1677,T. Zachary Cotler
1678,Marcus Wicker
1679,Allison Seay
1680,Maxine Kumin
1681,Linda Kunhardt
1682,Nate Klug
1683,Philip Levine
1684,José Antonio Rodríguez
1685,Robert Pinsky
1686,Vijay Seshadri
1687,Albert Goldbarth
1688,Carol Frost
1689,Greg Glazner
1690,Fiona Sampson
1691,David Biespiel
1692,Weldon Kees
1693,Janet Loxley Lewis
1694,Paolo Febbraro
1695,Eugene Dubnov
1696,John Matthias
1697,Marina Tsvetaeva
1698,Paul Claudel
1699,Jorge Luis Borges
1700,Yosef Gikatilla
1701,Yitzhak Luria
1702,Patricia Kirkpatrick
1703,Hailey Leithauser
1704,Jason Guriel
1705,V. Penelope Pelizzon
1706,David Lehman
1707,Sean Hill
1708,Michael Collier
1709,Kathy Nilsson
1710,Beverley Bie Brahic
1711,Tara Bray
1712,Howard Nemerov
1713,Kimiko Hahn
1714,Cally Conan-Davies
1715,John Repp
1716,Mike Puican
1717,Denise Levertov
1718,Josephine Miles
1719,Ruth Stone
1720,Amy Clampitt
1721,Kathleen Raine
1722,Dore Kiesselbach
1723,Jessica Greenbaum
1724,Steve Gehrke
1725,Robin Ekiss
1726,Saskia Hamilton
1727,Brian Swann
1728,Joan Hutton Landis
1729,John De Stefano
1730,Joshua Mehigan
1731,Campbell McGrath
1732,Gail Wronsky
1733,Elizabeth Seydel Morgan
1734,Kathleen Jamie
1735,James Laughlin
1736,Lisa Williams
1737,Nicholas Friedman
1738,Rickey Laurentiis
1739,Sharon Dolin
1740,Michael Lista
1741,Sara Miller
1742,Brad Leithauser
1743,Julian Stannard
1744,Matthew Nienow
1745,Barbara Perez
1746,Shann Ray
1747,Kelly Cherry
1748,Ricardo Pau-Llosa
1749,Sara Peters
1750,Joan Mitchell
1751,Rachel Jamison Webster
1752,Douglas Kearney
1753,Dan Brown
1754,Anthony Opal
1755,David Barber
1756,Joanne Dominique Dwyer
1757,Daniel Halpern
1758,Vanessa Place
1759,Stephen Stepanchev
1760,Adam Kirsch
1761,Michael Robbins
1762,Anna Maria Hong
1763,J. T. Barbarese
1764,Mary Moore Easter
1765,Gwyneth Lewis
1766,David Caplan
1767,Derek Sheffield
1768,Michelle Boisseau
1769,Peter Spagnuolo
1770,Phillis Levin
1771,Seán Hewitt
1772,Sandra Beasley
1773,Robert Thomas
1774,Wilmer Mills
1775,Gowann
1776,Sadiqa de Meijer
1777,Philip Schultz
1778,David Orr
1779,George Kalogeris
1780,Maureen N. McLane
1781,Maram Al-Massri
1782,Ava Leavell Haymon
1783,Katerina Rudcenkova
1784,Liz Waldner
1785,Stuart Mills
1786,Henry Parland
1787,Richard Brautigan
1788,Sherman Alexie
1789,Craig Arnold
1790,Tom Pickard
1791,Pierre Reverdy
1792,Mark Bibbins
1793,Tiffany Higgins
1794,Wong May
1795,Szilárd Borbély
1796,Hannah Sanghee Park
1797,Louise Glück
1798,Kathleen Ossip
1799,Emilia Phillips
1800,Tomás Q. Morín
1801,Leah Umansky
1802,Adam Fitzgerald
1803,Christopher Middleton
1804,Mark Ford
1805,Maxine Chernoff
1806,Danniel Schoonebeek
1807,Sina Queyras
1808,Larry Levis
1809,Troy Jollimore
1810,Julia Shipley
1811,Nance Van Winckel
1812,K. Silem Mohammad
1813,Sheila Black
1814,Gayle Danley
1815,Maria Melendez Kelson
1816,Shailja Patel
1817,Wang Ping
1818,Myra Sklarew
1819,Liane Strauss
1820,Dolores Hayden
1821,Samiya Bashir
1822,Michael Earl Craig
1823,Najwan Darwish
1824,Jacob Saenz
1825,Ian Duhig
1826,Vievee Francis
1827,Tomaž Šalamun
1828,Joshua Corey
1829,Jennifer Tamayo
1830,Rodrigo Toscano
1831,Farid Matuk
1832,Caroline Bergvall
1833,Harry Mathews
1834,Les Murray
1835,Dan Chelotti
1836,April Bernard
1837,Stephen Sturgeon
1838,Lisa Ampleman
1839,Philip Fried
1840,Amanda Calderon
1841,Catherine Field
1842,Rowan Ricardo Phillips
1843,francine j. harris
1844,Arthur Vogelsang
1845,Susan Barba
1846,Leontia Flynn
1847,Kathryn Simmonds
1848,Colette Bryce
1849,Mir Mahfuz Ali
1850,Ruby Robinson
1851,Matthew Francis
1852,Hugo Williams
1853,Rory Waterman
1854,James Brookes
1855,Sophie Collins
1856,Martin Monahan
1857,David Wheatley
1858,Kathryn Maris
1859,John Greening
1860,Caleb Klaces
1861,Tim Wells
1862,Claire Trévien
1863,John Wilkinson
1864,Lev Oborin
1865,Dafydd ap Gwilym
1866,Shuzo Takiguchi
1867,Liu Xia
1868,Jerzy Ficowski
1869,Víctor Rodríguez Núñez
1870,Yves Bonnefoy
1871,Seán Ó Ríordáin
1872,Grigori Dashevsky
1873,Seán Ó Coileáin
1874,Abraham Sutzkever
1875,Knar Gavin
1876,Tom Clark
1877,Rob Schlegel
1878,Darrel Alejandro Holnes
1879,Rachel Hadas
1880,Peter Heller
1881,Michael Metivier
1882,Christopher Robley
1883,Wyatt Prunty
1884,John Rodriguez
1885,Jamila Woods
1886,Tara Betts
1887,Thomas Lux
1888,Peter Ciccariello
1889,Erika L. Sánchez
1890,Nico Vassilakis
1891,Lawrence Ferlinghetti
1892,Kathryn Starbuck
1893,Chen Chen
1894,Erez Bitton
1895,Bridget Lowe
1896,Stanley Plumly
1897,Stephen Dunn
1898,Helen Hajnoczky
1899,Rebecca Gayle Howell
1900,William Fuller
1901,derek beaulieu
1902,Tyler Ford
1903,Kirby Knowlton
1904,Alex-Quan Pham
1905,Marla Miniano
1906,Lily Cao
1907,Nick Laird
1908,Dean Browne
1909,Ailbhe Darcy
1910,Cal Doyle
1911,Roisin Kelly
1912,Dave Lordan
1913,Declan Ryan
1914,Leanne O'Sullivan
1915,Doireann Ní Ghríofa
1916,Tara Bergin
1917,Aifric Mac Aodha
1918,Alan Gillis
1919,Martin Dyar
1920,Ciaran Berry
1921,Victoria Kennefick
1922,John McAuliffe
1923,Michael McKimm
1924,Billy Ramsell
1925,Caoilinn Hughes
1926,Stephen Connolly
1927,Ailbhe Ní Ghearbhuigh
1928,Michelle O’Sullivan
1929,Paul Perry
1930,Miriam Gamble
1931,Guillaume Apollinaire
1932,Eleanor Hooker
1933,Corey Mesler
1934,Matt Hart
1935,Maceo J. Whitaker
1936,Catherine Staples
1937,Luis Chaves
1938,Primo Levi
1939,Susan Elizabeth Howe
1940,John Beer
1941,Charles Harper Webb
1942,Patrick Rosal
1943,Eisder Mosquera
1944,Paula Cunningham
1945,Vona Groarke
1946,Alan Ramón Clinton
1947,Lisa Grove
1948,Joanne Diaz
1949,Jaap Blonk
1950,Jeffrey Skinner
1951,Zaffar Kunial
1952,Simon Barraclough
1953,Helen Mort
1954,Daljit Nagra
1955,Graham Mort
1956,Robert Lax
1957,Safiya Sinclair
1958,Ailish Hopper
1959,Laren McClung
1960,Honorée Fanonne Jeffers
1961,Mary Morris
1962,Jan Beatty
1963,Margaret Noodin
1964,Lilace Mellin Guignard
1965,Sarah Browning
1966,Joan Kane
1967,Eleanor Wilner
1968,Truth Thomas
1969,Stephen Derwent Partington
1970,Angélica Freitas
1971,Kathy Engel
1972,LeConté Dill
1973,David Shapiro
1974,Rachael Allen
1975,Kathi Wolfe
1976,Kyle Dargan
1977,John Murillo
1978,Gretchen Marquette
1979,Dante Micheaux
1980,Denise Bergman
1981,James Reidel
1982,Felix Bernstein
1983,Alec Finlay
1984,Blas Falconer
1985,Kristin Naca
1986,Valerie Martínez
1987,Orlando Ricardo Menes
1988,Laurie Ann Guerrero
1989,Jennifer Bartlett
1990,Regie Cabico
1991,Dominique Christina
1992,Bonny Cassidy
1993,Jaya Savige
1994,Cassie Lewis
1995,Fiona Hile
1996,Gig Ryan
1997,Robbie Coburn
1998,Claire Potter
1999,Amanda Joy
2000,Elizabeth Campbell
2001,Petra White
2002,Susan Fealy
2003,Ali Cobby Eckermann
2004,Michael Brennan
2005,Lisa Gorton
2006,Lionel G. Fogarty
2007,Samuel Wagan Watson
2008,Heather Phillipson
2009,Sinéad Morrissey
2010,John Hodgen
2011,Howard Altmann
2012,Luke Kennard
2013,Daniela Danz
2014,Francis Ponge
2015,León Salvatierra
2016,John Maucere
2017,Noah Buchholz
2018,Jacques Darras
2019,Haji Khavari
2020,Miri Ben-Simhon
2021,Uladzimir Niakliaeu
2022,Pierluigi Cappello
2023,Ernst Jandl
2024,A. M. Juster
2025,Federico García Lorca
2026,Fabián Severo
2027,René Magritte
2028,Julia Fiedorczuk
2029,Teresia Teaiwa
2030,Dan Taulapapa McMullin
2031,Donovan Kūhiō Colleps
2032,No‘u Revilla
2033,Emelihter Kihleng
2034,Tui Scanlan
2035,Lehua M. Taitano
2036,Brandy Nālani McDougall
2037,Hinemoana Baker
2038,Max Ritvo
2039,Jacob Polley
2040,Clark Moore
2041,Alfred Corn
2042,R.A. Villanueva
2043,Tina Boyer Brown
2044,Zilka Joseph
2045,Melissa Range
2046,Gary Barwin
2047,Diane Wakoski
2048,Henry Gould
2049,Isabel Rogers
2050,Patrick Cotter
2051,Yuki Tanaka
2052,Kerri Webster
2053,Michael Symmons Roberts
2054,Calvin Forbes
2055,S.J. Fowler
2056,Lisa Gill
2057,Drew Swinger
2058,Clare Pollard
2059,Brendan Galvin
2060,Lawrence Joseph
2061,Benjamin Goldberg
2062,Michelle Mitchell-Foust
2063,Liz Countryman
2064,Isabel Galleymore
2065,Leslie McGrath
2066,Ahren Warner
2067,Conor O'Callaghan
2068,Johnny Damm
2069,Samuel Amadon
2070,Jos Charles
2071,Elizabeth-Jane Burnett
2072,Lucy Wainger
2073,Kirill Medvedev
2074,Gergely Normal
2075,giovanni singleton
2076,Jessy Randall
2077,Tommy Pico
2078,Jacob Shores-Argüello
2079,Iain Britton
2080,Valerie Duff
2081,Honor Moore
2082,Diane Seuss
2083,Al Young
2084,Asia Calcagno
2085,Natalie Rose Richardson
2086,Malika Booker
2087,Yona Harvey
2088,Rachel Blau DuPlessis
2089,Samuel Ace
2090,Rodney Gomez
2091,Sawnie Morris
2092,Arthur Sze
2093,George Bowering
2094,Doug Anderson
2095,Danielle Chapman
2096,Momina Mela
2097,Yone Noguchi
2098,Ben Belitt
2099,Marnie Walsh
2100,Leonard E. Nathan
2101,Karma Larsen
2102,David Wagoner
2103,Georgiana Cohen
2104,Andrei Guruianu
2105,Kevin Griffith
2106,Janet McCann
2107,Shirley Buettner
2108,Karin Gottshall
2109,Jean L. Connor
2110,Edwin Gladding Burrows
2111,Martin Walls
2112,Rodney Torreson
2113,Ai
2114,Hayden Carruth
2115,Delmore Schwartz
2116,Grace Schulman
2117,Galway Kinnell
2118,James L. Dickey
2119,J. V. Cunningham
2120,Bruce Weigl
2121,Karl Shapiro
2122,W. D. Snodgrass
2123,Louis Simpson
2124,Michael S. Harper
2125,Mary Ann Hoberman
2126,William Matthews
2127,Bill Knott
2128,Richard Eberhart
2129,Amy Lowell
2130,Gary Soto
2131,Archibald MacLeish
2132,Donald Hall
2133,W. E. B. Du Bois
2134,Richard Wilbur
2135,Ellen Bryant Voigt
2136,Robert Hayden
2137,Louise Erdrich
2138,Richard Hugo
2139,William Meredith
2140,Robert Louis Stevenson
2141,Edgar Bowers
2142,Conrad Aiken
2143,Stephen Vincent Benét
2144,Susan Howe
2145,Hart Crane
2146,Agha Shahid Ali
2147,Theodore Roethke
2148,Irving Feldman
2149,Carl Dennis
2150,Stephen Dobyns
2151,David Ignatow
2152,Mary Jo Salter
2153,Babette Deutsch
2154,Daryl Hine
2155,Elizabeth Spires
2156,Louis Untermeyer
2157,John Updike
2158,Charles Wesley
2159,Matthew Arnold
2160,Anna Lætitia Barbauld
2161,Aphra Behn
2162,Ambrose Bierce
2163,William Lisle Bowles
2164,Anne Bradstreet
2165,Robert Burns
2166,Thomas Campion
2167,Thomas Carew
2168,Henry Carey
2169,Thomas Carlyle
2170,Lewis Carroll
2171,Phoebe Cary
2172,George Chapman
2173,Thomas Chatterton
2174,Lady Mary Chudleigh
2175,John Clare
2176,Arthur Hugh Clough
2177,Samuel Taylor Coleridge
2178,William Collins
2179,William Cowper
2180,George Crabbe
2181,Stephen Crane
2182,Richard Crashaw
2183,Daniel Defoe
2184,John Donne
2185,John Dryden
2186,Paul Laurence Dunbar
2187,T. S. Eliot
2188,Queen Elizabeth I
2189,Stephen C. Foster
2190,Oliver Goldsmith
2191,Thomas Gray
2192,Edgar Albert Guest
2193,Ernest M. Hemingway
2194,"Henry VIII, King of England"
2195,Oliver Wendell Holmes Sr.
2196,Thomas Hood
2197,Julia Ward Howe
2198,T. E. Hulme
2199,Leigh Hunt
2200,Samuel Johnson
2201,Ben Jonson
2202,John Keats
2203,Joyce Kilmer
2204,Charles Lamb
2205,Walter Savage Landor
2206,Richard Lovelace
2207,John Lydgate
2208,Andrew Marvell
2209,Lady Mary Wortley Montagu
2210,Susanna Moodie
2211,Thomas Moore
2212,Thomas Nashe
2213,Coventry Patmore
2214,Katherine Philips
2215,Marjorie Pickthall
2216,Alexander Pope
2217,James Whitcomb Riley
2218,Edwin Arlington Robinson
2219,Mary Robinson
2220,Dante Gabriel Rossetti
2221,Sir Walter Scott
2222,Charlotte Smith
2223,Robert Southwell SJ
2224,Edmund Spenser
2225,Trumbull Stickney
2226,Sir John Suckling
2227,Jonathan Swift
2228,Algernon Charles Swinburne
2229,J. M. Synge
2230,Ann Taylor
2231,James Thomson
2232,Thomas Traherne
2233,Henry Vaughan
2234,Edmund Waller
2235,John Greenleaf Whittier
2236,Oscar Wilde
2237,John Wilmot Earl of Rochester
2238,George Wither
2239,William Wordsworth
2240,Emma Lazarus
2241,James Clerk Maxwell
2242,Knight of the White Elephant of Burmah William McGonagall
2243,Charles Dickens
2244,Ralph Waldo Emerson
2245,Abraham Lincoln
2246,Robert Bridges
2247,Franklin Pierce Adams
2248,George Santayana
2249,Elinor Wylie
2250,Louise Imogen Guiney
2251,Philip Freneau
2252,Simon J. Ortiz
2253,George Elliott Clarke
2254,Lynn Crosbie
2255,John Reibetanz
2256,Adelaide Crapsey
2257,Benjamin Franklin
2258,Sir Arthur Conan Doyle
2259,David Bottoms
2260,Gregory Corso
2261,Deborah Digges
2262,Angela Shaw
2263,Katy Giebenhain
2264,Nancy McCleery
2265,Gloria g. Murray
2266,J. Lorraine Brown
2267,Leslie Monsour
2268,Margaret Fuller
2269,Sarah Helen Whitman
2270,James Wright
2271,Virginia Hamilton Adair
2272,Eva Gore-Booth
2273,Rhina P. Espaillat
2274,Robert Herrick
2275,James Weldon Johnson
2276,Shirley Geok-Lin Lim
2277,N. Scott Momaday
2278,Dudley Randall
2279,Amy Uyematsu
2280,Philip Appleman
2281,Marvin Bell
2282,B. H. Fairchild
2283,Hilaire Belloc
2284,Sophie Jewett
2285,Hugh MacDiarmid
2286,Marilyn Hacker
2287,Thomas Merton
2288,Pablo Antonio Cuadra
2289,Ernesto Cardenal
2290,Jonathan Galassi
2291,Brod Bagert
2292,J. J. Bell
2293,Phil Bolsta
2294,Eve Merriam
2295,Mother Goose
2296,Bobbi Katz
2297,R. T. Smith
2298,John Ciardi
2299,George Starbuck
2300,Rowena Bastin Bennett
2301,Constance Urdang
2302,Kenneth Slessor
2303,Dave Crawley
2304,Joan Horton
2305,Kenn Nesbitt
2306,Robert Pottle
2307,Neal Levin
2308,Linda Gregg
2309,Robert Bly
2310,Theodore Weiss
2311,Katherine Mansfield
2312,Chidiock Tichborne
2313,Andrew Hudgins
2314,Jimmy Santiago Baca
2315,John Berryman
2316,Alfred Noyes
2317,John Crowe Ransom
2318,Philip Larkin
2319,Diane Thiel
2320,John Fuller
2321,P. K. Page
2322,Thomas McGrath
2323,Emily Brontë
2324,Sarah Orne Jewett
2325,Samuel Menashe
2326,Christopher Smart
2327,Robert Penn Warren
2328,Basil Bunting
2329,Garrett Hongo
2330,David Bengtson
2331,Yvor Winters
2332,Margaret Atwood
2333,Kamau Brathwaite
2334,David Wojahn
2335,Timothy Steele
2336,John Haines
2337,Miguel Hernández
2338,Rodney Jones
2339,Edwin Markham
2340,Lola Haskins
2341,Jack Prelutsky
2342,Bruce Smith
2343,John Logan
2344,David Kirby
2345,G. E. Murray
2346,Ann Lauterbach
2347,Anne Caston
2348,John Engels
2349,Denis Johnson
2350,Robert King
2351,Lisa Olstein
2352,Walter McDonald
2353,Blas Manuel De Luna
2354,Richard Siken
2355,Grace Bauer
2356,Charlie Smith
2357,Susan Mitchell
2358,Gregory Djanikian
2359,Mary Barnard
2360,Richard Howard
2361,August Kleinzahler
2362,Peter Pereira
2363,Robert Lowell
2364,Gjertrud Schnackenberg
2365,Ruth L. Schwartz
2366,George Bradley
2367,Seamus Heaney
2368,Geoffrey Hill
2369,Dannie Abse
2370,Julia Kasdorf
2371,Zbigniew Herbert
2372,James McKean
2373,David Tucker
2374,Allen Tate
2375,Keith Althaus
2376,Anne Carson
2377,Anna Swir
2378,Robert Fitzgerald
2379,Roberta Hill
2380,Izumi Shikibu
2381,C. P. Cavafy
2382,Kobayashi Issa
2383,Horace
2384,Hadewijch II
2385,Basho
2386,Uvavnuk
2387,William H. Dickey
2388,Michael Anania
2389,Robert Bringhurst
2390,Richard Emil Braun
2391,Albert Garcia
2392,Lita Hooper
2393,Alex Phillips
2394,Jeff Vande Zande
2395,Dale Ritterbusch
2396,Tania Rochelle
2397,Marci Ridlon
2398,Léonie Adams
2399,Christopher Chambers
2400,Sue Ellen Thompson
2401,Bill Holm
2402,Herbert Morris
2403,Tatiana Ziglar
2404,Floyd Skloot
2405,Lawrence Raab
2406,Dionisio D. Martínez
2407,Connie Deanovich
2408,Sarah Manguso
2409,Jason Schneiderman
2410,Pam Rehm
2411,Pablo Neruda
2412,Michael Waters
2413,Leonard Gontarek
2414,Robert Hershon
2415,Jeffrey McDaniel
2416,Martha Ronk
2417,Lance Larsen
2418,Susan Browne
2419,Michael Field
2420,Moira Egan
2421,Amber Flora Thomas
2422,Cynthia Rylant
2423,Jane Whitledge
2424,Rick Snyder
2425,Ruth Moose
2426,Judith Kitchen
2427,Juliana Gray
2428,Czeslaw Milosz
2429,Felecia Caton Garcia
2430,Elizabeth Hobbs
2431,Robert West
2432,Susan B. Anthony Somers-Willett
2433,Roy Jacobstein
2434,Charles Bukowski
2435,Nancy Botkin
2436,Warren Woessner
2437,Ronald Johnson
2438,Joseph Stanton
2439,Steven Cordova
2440,Kim Noriega
2441,Mike White
2442,Joseph Ceravolo
2443,Anne Porter
2444,William Cole
2445,Lynda Hull
2446,Barry Goldensohn
2447,Regina DeSalva
2448,Anne Pierson Wiese
2449,Jean Nordhaus
2450,Peter Dale Scott
2451,Anne Stevenson
2452,Kathleen Flenniken
2453,Todd Davis
2454,Deborah Cummins
2455,Primus St. John
2456,Bin Ramke
2457,Hilda Raz
2458,Leslie Scalapino
2459,Robin Becker
2460,Steven Schneider
2461,Tennessee Williams
2462,John Lyly
2463,Odysseus Elytis
2464,Susan Griffin
2465,Thomas R. Smith
2466,Edmond Jabès
2467,Frank Stanford
2468,Henry Carlile
2469,Clarence Major
2470,Steven Orlen
2471,Jackson Wheeler
2472,Mary Wollstonecraft Shelley
2473,William Drummond of Hawthornden
2474,Helen Hunt Jackson
2475,Sidney Lanier
2476,Sir Edward Dyer
2477,Anne Killigrew
2478,Christopher Marlowe
2479,Omar Khayaam
2480,Anacreon
2481,Arthur Gorges
2482,Solomon
2483,Rynn Williams
2484,William Cartwright
2485,Lucretius
2486,Dante Alighieri
2487,John Dowland
2488,Giovanni Battista Guarini
2489,Thomas Heywood
2490,Meleager
2491,George Meredith
2492,Petrarch
2493,Orlando Gibbons
2494,Charles d'Orleans
2495,Patti Smith
2496,Frederick Goddard Tuckerman
2497,Fitz-Greene Halleck
2498,Philip Whalen
2499,Ovid
2500,François Villon
2501,Matthew Prior
2502,Thomas Randolph
2503,Hafez
2504,John Gay
2505,Tibullus
2506,Gaius Petronius
2507,Lady Grizel Baillie
2508,Joanna Baillie
2509,Martha Baird
2510,Mary Barber
2511,Louisa S. Bevington
2512,Susanna Blamire
2513,Mathilde Blind
2514,Catherine Cockburn
2515,Mary Elizabeth Coleridge
2516,Dinah Maria Craik
2517,Mary Carolyn Davies
2518,Sarah Dixon
2519,Dorothea Du Bois
2520,Lady Catherine Dyer
2521,Ephelia
2522,Catherine Maria Fanshawe
2523,Countess of Winchilsea Anne Finch
2524,Isaac Watts
2525,George Peele
2526,Thomas Lodge
2527,Æmilia Lanyer
2528,John Fletcher
2529,Abraham Cowley
2530,William Kloefkorn
2531,Lee McCarthy
2532,John Peck
2533,Peter Sacks
2534,Steven Huff
2535,Russell Edson
2536,Trish Dugger
2537,Edward Dorn
2538,Diane Glancy
2539,Norman Williams
2540,R. S. Thomas
2541,Frank Steele
2542,Marin Sorescu
2543,Miroslav Holub
2544,Jonathan Holden
2545,Richard Hoffman
2546,Saadi Youssef
2547,Maxine Scates
2548,Max Mendelsohn
2549,Ellen Bass
2550,R. S. Gwynn
2551,Sharmila Voorakkara
2552,Mary-Sherman Willis
2553,Rick Campbell
2554,Norman Dubie
2555,George Seferis
2556,Jack Spicer
2557,Ann Struthers
2558,Shirley Kaufman
2559,Veronica Patterson
2560,Cesare Pavese
2561,Joelle Biele
2562,Berwyn Moore
2563,Neal Bowers
2564,George Arnold
2565,Marianne Moore
2566,Melissa Kwasny
2567,Catherine Imbriglio
2568,Gary Dop
2569,Emmett Tenorio Melendez
2570,William Ernest Henley
2571,Rebecca Dunham
2572,Lisa Fishman
2573,Kaelum Poulson
2574,Thomas James
2575,John Maloney
2576,Juan Ramón Jiménez
2577,Ben Lerner
2578,Oni Buchanan
2579,James Lenfestey
2580,Dan Chiasson
2581,Dan Lechay
2582,Mark Young
2583,Cecil Touchon
2584,Susan Hutton
2585,Helen Maria Williams
2586,Helen Leigh
2587,Elizabeth Bentley
2588,Elizabeth Hands
2589,Hannah More
2590,Anna Seward
2591,Matilda Bethem
2592,Ann Yearsley
2593,Elizabeth Moody
2594,Amelia Opie
2595,Anna Dodsworth
2596,Elizabeth Kirkham Mathews
2597,Charlotte Richardson
2598,Anne Hunter
2599,Jane Taylor
2600,Christian Milne
2601,Dorothy Wordsworth
2602,Mary Lamb
2603,Felicia Dorothea Hemans
2604,Russell Libby
2605,Conrad Hilberry
2606,José Angel Araguz
2607,Alice Cary
2608,Eliza Lee Follen
2609,Hannah F. Gould
2610,Lydia Huntley Sigourney
2611,Caroline Gilman
2612,Penina Moise
2613,Frances Anne Kemble
2614,Rebekah Gumpert Hyneman
2615,Frances Jane Crosby Van Alstyne
2616,Rose Terry Cooke
2617,Mary Mapes Dodge
2618,Elizabeth Akers Allen
2619,Sarah C. Woolsey
2620,Queen Lydia Kamakaeha Lili’uokalani
2621,Ina Coolbrith
2622,Eleanor Percy Lee
2623,Charlotte Anna Perkins Gilman
2624,Josephine Delphine Henderson Heard
2625,Emily Pauline Johnson
2626,Mary Weston Fordham
2627,Ella Higginson
2628,Carolyn Wells
2629,Zozan Hawez
2630,Elizabeth Alexander
2631,Chris Forhan
2632,Kathleen Fraser
2633,Sarah Louisa Forten
2634,Emily Wilson
2635,Adrian Blevins
2636,Cecilia Woloch
2637,Brian Culhane
2638,Matthew Vetter
2639,Richard Barnfield
2640,Mary Collier
2641,Sebastian Matthews
2642,Jupiter Hammon
2643,Warren Hastings
2644,Thomas Morris
2645,Mary Jones
2646,Thomas Middleton
2647,"Lord Edward, Lord Herbert of Cherbury"
2648,Hartley Coleridge
2649,Henry David Thoreau
2650,William Barnes
2651,Jones Very
2652,Matthew Green
2653,Calvin Thomas Jr.
2654,Elizabeth Skurnick
2655,Robert Charles O’Hara Benjamin
2656,James Edwin Campbell
2657,Joseph Seamon Cotter Sr.
2658,Daniel Webster Davis
2659,Timothy Thomas Fortune
2660,Charlotte L. Forten Grimké
2661,Joseph Cephas Holly
2662,George Marion McClellan
2663,James Ephraim McGirt
2664,Adah Isaacs Menken
2665,Ann Plato
2666,Joshua McCarter Simpson
2667,Alfred Islay Walden
2668,James Monroe Whitfield
2669,Albery Allson Whitman
2670,J. D. McClatchy
2671,Tu Fu
2672,Mahmoud Darwish
2673,Peter O’Leary
2674,Kenneth Fearing
2675,Alice Moore Dunbar-Nelson
2676,Thulani Davis
2677,Jessie B. Rittenhouse
2678,Hittan of Tayyi
2679,Elinor Maxwell
2680,Sir Ronald Ross
2681,Will Allen Dromgoole
2682,Elizabeth Lincoln Otis
2683,D. A. Ellsworth
2684,William Makepeace Thackeray
2685,Margaret Walker
2686,Colleen J. McElroy
2687,Carolyn M. Rodgers
2688,Anne Marie Macari
2689,Regan Huff
2690,Judy Loest
2691,Deborah Warren
2692,Joseph Stroud
2693,Coleman Barks
2694,Alexandra Teague
2695,Margaret Kaufman
2696,Ronald Wallace
2697,Chris Abani
2698,David Lee
2699,Tony Barnstone
2700,Kate Gale
2701,Judy Grahn
2702,Eloise Klein Healy
2703,Ernest Hilbert
2704,Sholeh Wolpé
2705,Terry Wolverton
2706,Wanda Coleman
2707,Michelle Bennett
2708,Amaud Jamaul Johnson
2709,Julie Sheehan
2710,E. Ethelbert Miller
2711,Kenneth Carroll
2712,William Waring Cuney
2713,Essex Hemphill
2714,Reb Livingston
2715,A. B. Spellman
2716,Elizabeth Klise von Zerneck
2717,Trish Crapo
2718,Ben Vogt
2719,Jean Ingelow
2720,Mark Nickels
2721,Jack Collom
2722,Lyn Lifshin
2723,Nancyrose Houston
2724,Lucille Lang Day
2725,Jeff Worley
2726,Lorenzo Thomas
2727,Léopold Sédar Senghor
2728,Rachel Zucker
2729,George Garrett
2730,Dana Bisignani
2731,Elizabeth Woody
2732,Wendy Rose
2733,Anita Endrezze
2734,Hershman John
2735,Nora Naranjo-Morse
2736,Ralph Salisbury
2737,Nora Marks Dauenhauer
2738,Ofelia Zepeda
2739,Sherwin Bitsui
2740,Margo Tamez
2741,Sara Littlecrow-Russell
2742,Christopher Gilbert
2743,Henry Dumas
2744,Judith Goldman
2745,Bhanu Kapil
2746,Sabrina Orah Mark
2747,Lady Mary Wroth
2748,Susan Meyers
2749,Peter Cooley
2750,Carolyn Miller
2751,Jan Mordenski
2752,Benjamin S. Grossberg
2753,Tom Healy
2754,Lee Ann Roripaugh
2755,kari edwards
2756,Stacy Szymaszek
2757,Kerri Sonnenberg
2758,Brenda Iijima
2759,Jeffrey Jullich
2760,Jennifer Scappettone
2761,Tod Marshall
2762,Paul Killebrew
2763,Myung Mi Kim
2764,Ana Božičević
2765,Patricia Frolander
2766,Louis Jenkins
2767,Meredith Holmes
2768,Daniel Bailey
2769,Nate Pritts
2770,Mei-mei Berssenbrugge
2771,Srikanth Reddy
2772,Donal Heffernan
2773,John Straley
2774,Duane Niatum
2775,Edwin Torres
2776,Howard Moss
2777,Israel Zangwill
2778,Marilyn Kallet
2779,Mark Turcotte
2780,Tony Gloeggler
2781,Kate Northrop
2782,Laurence Hope
2783,Raúl Zurita
2784,Carl Little
2785,Etel Adnan
2786,George Albon
2787,Diana García
2788,Aharon Shabtai
2789,Phillip Carroll Morgan
2790,Qwo-Li Driskill
2791,Kimberly Blaeser
2792,James Thomas Stevens
2793,Cheryl Savageau
2794,Deborah A. Miranda
2795,Gerald Vizenor
2796,Allison Titus
2797,Michelle Y. Burke
2798,James Joyce
2799,Richard Aldington
2800,Edith Sitwell
2801,Charlotte Elizabeth Tonna
2802,Jean Blewett
2803,Countee Cullen
2804,William Faulkner
2805,Walter Clyde Curry
2806,Jonathan David
2807,Donald (Grady) Davidson
2808,Alec Brock Stevenson
2809,Liz Rosenberg
2810,Mark Smith-Soto
2811,Dobby Gibson
2812,Fred Marchant
2813,Leslie Adrienne Miller
2814,Jason Shinder
2815,Nick Lantz
2816,Katie Cappello
2817,Kevin Goodan
2818,Rachel Wetzsteon
2819,Henry Taylor
2820,Brian Turner
2821,Stephen Behrendt
2822,Christopher Todd Matthews
2823,Su Tung-Po
2824,Helen Hoyt
2825,Ludvig Holstein
2826,Malcolm Cowley
2827,Stephen Kuusisto
2828,Pierre Martory
2829,Katharine Auchincloss Lorr
2830,Theodore Deppe
2831,Zehra Çirac
2832,Hans Magnus Enzensberger
2833,Robert Gernhardt
2834,Sarah Kirsch
2835,Barbara Köhler
2836,Oskar Pastior
2837,Joachim Sartorius
2838,Henry M. Seiden
2839,Jennifer Tonge
2840,Kevin Cantwell
2841,Paula Tatarunis
2842,Susan Donnelly
2843,Dennis O'Driscoll
2844,Jack Stewart
2845,David Schloss
2846,Maria Terrone
2847,Jacques Réda
2848,John Talbot
2849,Jennifer O'Grady
2850,Jason Gray
2851,Matthew Brenneman
2852,Michael Steffen
2853,Elton Glaser
2854,Ioanna Carlsen
2855,Sara Backer
2856,Philip Gross
2857,Greg Sellers
2858,Tom Disch
2859,Bill Sweeney
2860,Thorpe Moeckel
2861,Robert Fanning
2862,Bruce F. Murphy
2863,Steven Cramer
2864,William Walden
2865,Christopher Logue
2866,Piotr Sommer
2867,Brian Barker
2868,Rex Wilder
2869,Dabney Stuart
2870,Katherine Larson
2871,Bill Coyle
2872,Giovanni Pascoli
2873,R. Parthasarathy
2874,Rainer Maria Rilke
2875,Hadrian
2876,Rebecca Hoogs
2877,Kathleen Lynch
2878,Reginald O'Hare Gibson
2879,Kevin McFadden
2880,BJ Ward
2881,Pierre Corneille
2882,Lucas Howell
2883,Laura Newbern
2884,Medbh McGuckian
2885,Theodore Worozbyt
2886,Steven Heighton
2887,Mary Rose O'Reilley
2888,Coral Bracho
2889,Ina Rousseau
2890,Jin Eun-Young
2891,Maurice Manning
2892,Mary Kinzie
2893,Vinda Karandikar
2894,Shail D. Patel
2895,Elfriede Jelinek
2896,Peter Campion
2897,Nicole Pekarske
2898,Neil Fischer
2899,Siobhán Campbell
2900,Raffaello Baldini
2901,Franco Fortini
2902,Alda Merini
2903,Patrizia Cavalli
2904,Milo De Angelis
2905,Umberto Fiori
2906,Antonella Anedda
2907,Valerio Magrelli
2908,Fabio Pusterla
2909,Patrizia Valduga
2910,Franco Buffoni
2911,William Johnson
2912,Lisa Furmanski
2913,Jeffrey Schultz
2914,Larissa Szporluk
2915,Molly McQuade
2916,János Pilinszky
2917,Karl Kirchwey
2918,Håkan Sandell
2919,Yannis Ritsos
2920,Jean Follain
2921,Ho Xuan Huong
2922,Takashi Hiraide
2923,Imru'al-qays
2924,Ibn Al-`Arabi
2925,Waldo Williams
2926,Giacomo Leopardi
2927,Marko Vesović
2928,César Vallejo
2929,Ramón López Velarde
2930,Lydia Davis
2931,Annette M'Baye
2932,Tomas Venclova
2933,Pura López-Colomé
2934,Avot Yeshurun
2935,Natan Zach
2936,Yvonne Zipter
2937,Seth Abramson
2938,Philip White
2939,Chris Dombrowski
2940,Cathy Park Hong
2941,Harry Clifton
2942,Glyn Maxwell
2943,Todd Hearon
2944,Robin Behn
2945,Stephen O’connor
2946,Leila Wilson
2947,Lesley Wheeler
2948,Eric Ekstrand
2949,Jill Osier
2950,Jorge Sánchez
2951,mIEKAL aND
2952,K. S. Ernst
2953,Bob Dahlquist
2954,Jesse Patrick Ferguson
2955,Scott Helmes
2956,Gustave Morin
2957,jörg piringer
2958,Philip Gallo
2959,Michael Basinski
2960,Joan Houlihan
2961,Glenn Morazzini
2962,Michael Rutherglen
2963,Caki Wilkinson
2964,Alison Stine
2965,Peter Munro
2966,Dan Stryk
2967,Allen Edwin Butt
2968,Virgil
2969,Kevin C. Powers
2970,Rhoda Janzen
2971,Bruce Mackinnon
2972,Sarah Barber
2973,Aaron Poochigian
2974,Mark Wunderlich
2975,Leslie Williams
2976,Dave Lucas
2977,Katy Didden
2978,Hester Knibbe
2979,Chika Sagawa
2980,Yoel Hoffmann
2981,Dahlia Ravikovitch
2982,Yang Lian
2983,Gabriel & Marcel Piqueray
2984,Göran Sonnevi
2985,Günter Eich
2986,Mantinadologoi
2987,Álvaro de Campos
2988,Jules Supervielle
2989,Mirza Asadullah Khan Ghalib
2990,Patrick Dubost
2991,Salwa Al-Neimi
2992,Diakwain
2993,Víctor Terán
2994,Biddy Jenkinson
2995,Friedrich Hölderlin
2996,Inger Christensen
2997,Timothy Murphy
2998,John Poch
2999,Richard Lehnert
3000,Elisabeth Eybers
3001,Robyn Sarah
3002,Jason Labbe
3003,Jordan Davis
3004,Mel Nichols
3005,Nada Gordon
3006,Robert Fitterman
3007,Kenneth Goldsmith
3008,Craig Dworkin
3009,Christian Bök
3010,Belle Randall
3011,Don Paterson
3012,Kelle Groom
3013,Colin Cheney
3014,A. V. Christie
3015,Emily Fragos
3016,Kevin Prufer
3017,William Hathaway
3018,Chloe Honum
3019,Joseph Spece
3020,Patty Seyburn
3021,Sam Willetts
3022,Dorothea Grossman
3023,Gisela Kraft
3024,Lavinia Greenlaw
3025,Carlo Betocchi
3026,D. H. Tracy
3027,Robert P. Baird
3028,Attilio Bertolucci
3029,Talvikki Ansel
3030,Jeramy Dodds
3031,Larry Bradley
3032,Christopher Shannon
3033,Brooklyn Copeland
3034,James Merrill
3035,Lydia Maria Child
3036,Eugene Field
3037,Clement Clarke Moore
3038,Anne Brontë
3039,Charlotte Brontë
3040,John Bunyan
3041,Mark Twain
3042,Charles Tomlinson
3043,Aileen Lucia Fisher
3044,Ralph Bergengren
3045,Harry Graham
3046,Constance Levy
3047,Kalli Dakos
3048,Sarah Josepha Hale
3049,Frank Asch
3050,Lilian Moore
3051,George Eliot
3052,Barbara Howes
3053,Grace Hazard Conkling
3054,Helen Dudley
3055,William Vaughn Moody
3056,Lily A. Long
3057,Charles Hanson Towne
3058,Schuyler Van Rensselaer
3059,Margaret Widdemer
3060,Peter Bethanis
3061,Carole Bernstein
3062,Ann Snodgrass
3063,Lianne Spidel
3064,Clarinda Harriss
3065,Paul Zimmer
3066,Robert B. Shaw
3067,Maudelle Driskell
3068,Judith Kroll
3069,Richard Tillinghast
3070,John Hazard
3071,Hugh Seidman
3072,Susan Hahn
3073,Art Nahill
3074,Marie-Claire Bancquart
3075,Charles Juliet
3076,Robert Marteau
3077,Jacques Roubaud
3078,Jeffrey Greene
3079,Robert Pack
3080,George Scarbrough
3081,Eric Nelson
3082,Paulann Petersen
3083,Trevor West Knapp
3084,Deirdre O'Connor
3085,James Scruton
3086,Catherine Sasanov
3087,Alexa Selph
3088,Chris Green
3089,Al Maginnes
3090,Brent Pallas
3091,Francesca Abbate
3092,Thomas Pfau
3093,Alissa Leigh
3094,Rich Murphy
3095,Sharon Bryan
3096,J. P. White
3097,Ellen Hinsey
3098,Mary Oliver
3099,Alissa Valles
3100,Mark Defoe
3101,John Surowiecki
3102,Daniel Groves
3103,Susan Kinsolving
3104,Kunst Judith McCune
3105,Roger Mitchell
3106,Paul Grant
3107,Susan Rolston
3108,Lisa Barnett
3109,Jeanne Murray Walker
3110,Ron De Maris
3111,Melanie Almeder
3112,Lynn Powell
3113,Neisha Tweed
3114,Stefi Weisburd
3115,Alison Pelegrin
3116,Ethan Stebbins
3117,Mike Chasar
3118,Kevin A. González
3119,Dylan Thomas
3120,Jim Carroll
3121,Lew R. Sarett
3122,Merrill Moore
3123,Witter Bynner
3124,George H. Dillon
3125,John Wheelwright
3126,R. P. Blackmur
3127,Norman Macleod
3128,William Jay Smith
